Y2O3mol,Y2O3mass,YBaCO3mass,YCuOmass,Nd2O3mol,Nd2O3mass,NdBaCO3mass,NdCuOmass
0.0013400880920308178,0.30260529206147896,1.0578076480435519,0.6395870598949693,0.0012475756486208175,0.2817150572150668,0.984782321753253,0.5954334239988143
